Definition: Grid Imported = Grid To Home + Grid To Storage; Utilized PV Energy = Home Usage - Grid Imported; Carbon Reduction = Total Solar Generation × 0.363
Date,Home Usage (kWh),Smart Plug Usage (kWh),Grid Imported (kWh),Grid to Home (kWh),Grid to Storage (kWh),Solar to Home (kWh),Solar to Storage (kWh),Storage Charged Energy (kWh),Storage Discharged Energy (kWh),Storage to Home (kWh),Utilized PV Energy (kWh),Total Solar Generation (kWh),Solar to Grid (kWh),Solarbank 3 E2700 Pro - Total Generation (kWh),Solarbank 3 E2700 Pro - PV1 Generation (kWh),Solarbank 3 E2700 Pro - PV2 Generation (kWh),Solarbank 3 E2700 Pro - PV3 Generation (kWh),Solarbank 3 E2700 Pro - PV4 Generation (kWh),Carbon Reduction (kgCO2/kWh)
14/07/2025,6.49,0.00,1.14,1.14,0.00,3.28,2.40,2.40,2.11,2.07,5.35,5.72,0.04,5.45,1.09,1.40,1.58,1.38,2.08
15/07/2025,6.31,0.00,1.58,1.58,0.00,3.22,0.82,0.82,1.52,1.51,4.73,4.08,0.04,3.61,0.74,0.95,0.95,0.97,1.48
16/07/2025,7.20,0.00,1.79,1.79,0.00,3.84,2.88,2.88,1.60,1.57,5.41,8.15,1.43,8.02,2.07,1.97,2.04,1.94,2.96
17/07/2025,6.16,0.00,0.93,0.93,0.00,2.71,1.80,1.80,2.53,2.52,5.23,4.58,0.07,4.22,0.85,1.02,1.25,1.10,1.66
18/07/2025,5.40,0.00,0.79,0.79,0.00,3.12,2.72,2.72,1.49,1.49,4.61,7.47,1.63,7.29,1.11,2.04,2.12,2.02,2.71
19/07/2025,9.07,0.00,1.33,1.33,0.00,5.66,2.18,2.18,2.09,2.08,7.74,11.41,3.57,11.26,2.20,2.95,2.93,3.18,4.14
20/07/2025,4.43,0.00,0.17,0.17,0.00,2.45,1.97,1.97,1.83,1.81,4.26,8.71,4.29,8.58,2.17,2.10,2.19,2.12,3.16
21/07/2025,7.64,0.00,2.95,2.95,0.00,2.74,0.28,0.28,1.98,1.95,4.69,3.10,0.08,2.83,0.68,0.59,0.89,0.67,1.13
22/07/2025,7.38,0.00,5.16,5.15,0.01,2.13,0.13,0.14,0.10,0.10,2.22,2.27,0.01,1.84,0.52,0.39,0.26,0.67,0.82
23/07/2025,6.88,0.00,1.89,1.89,0.00,3.33,1.77,1.77,1.70,1.66,4.99,5.16,0.06,4.93,1.02,1.13,1.51,1.27,1.87
24/07/2025,6.71,0.00,4.25,4.25,0.00,1.81,0.68,0.68,0.65,0.65,2.46,2.53,0.04,2.14,0.39,0.49,0.72,0.54,0.92
25/07/2025,7.29,0.00,5.37,5.37,0.00,1.79,0.15,0.15,0.13,0.13,1.92,1.97,0.03,1.66,0.45,0.41,0.40,0.40,0.72
26/07/2025,8.73,0.00,1.85,1.85,0.00,4.95,3.14,3.14,1.96,1.93,6.88,8.40,0.31,8.20,1.46,2.22,2.33,2.19,3.05
27/07/2025,6.42,0.00,1.85,1.85,0.00,2.42,1.12,1.12,2.18,2.15,4.57,3.57,0.03,3.14,0.70,0.75,0.89,0.80,1.30
28/07/2025,10.52,0.00,3.13,3.13,0.00,4.92,3.72,3.72,2.48,2.47,7.39,8.70,0.06,8.59,1.65,2.21,2.50,2.23,3.16
29/07/2025,10.38,0.00,1.44,1.44,0.00,5.07,3.73,3.73,3.90,3.87,8.94,8.88,0.08,8.68,1.71,2.17,2.54,2.26,3.22
30/07/2025,4.90,0.00,1.13,1.12,0.01,2.29,0.63,0.64,1.49,1.49,3.77,2.98,0.06,2.65,0.67,0.58,0.76,0.64,1.08
31/07/2025,8.49,0.00,2.57,2.57,0.00,4.00,2.01,2.01,1.96,1.92,5.92,6.09,0.08,5.93,1.28,1.52,1.61,1.52,2.21
01/08/2025,8.41,0.00,1.94,1.94,0.00,4.48,3.36,3.36,2.01,1.99,6.47,7.88,0.04,7.73,1.29,2.09,2.19,2.16,2.86
02/08/2025,9.91,0.00,1.62,1.62,0.00,4.81,3.16,3.16,3.50,3.48,8.29,8.33,0.36,8.14,1.74,2.09,2.30,2.01,3.02
03/08/2025,5.18,0.00,2.15,2.15,0.00,1.73,0.48,0.48,1.31,1.30,3.03,2.21,0.00,1.89,0.43,0.44,0.59,0.43,0.80
04/08/2025,9.55,0.00,2.23,2.23,0.00,5.04,2.98,2.98,2.33,2.28,7.32,8.61,0.59,8.48,1.64,2.25,2.31,2.28,3.13
05/08/2025,8.94,0.00,1.22,1.22,0.00,5.18,3.23,3.23,2.55,2.54,7.72,9.36,0.95,9.19,1.61,2.51,2.57,2.50,3.40
06/08/2025,8.94,0.00,0.79,0.79,0.00,5.05,2.79,2.79,3.16,3.10,8.15,7.93,0.09,7.80,1.62,2.08,1.92,2.18,2.88
07/08/2025,7.70,0.00,0.69,0.69,0.00,4.39,2.73,2.73,2.63,2.62,7.01,7.14,0.02,6.95,1.22,1.98,1.89,1.86,2.59
08/08/2025,8.15,0.00,0.53,0.53,0.00,5.82,2.78,2.78,1.82,1.80,7.62,10.17,1.57,10.01,1.75,2.71,2.81,2.74,3.69
09/08/2025,7.89,0.00,1.00,1.00,0.00,4.32,2.28,2.28,2.59,2.57,6.89,9.75,3.15,9.63,1.68,2.76,2.69,2.50,3.54
10/08/2025,6.93,0.00,0.45,0.45,0.00,4.46,2.26,2.26,2.03,2.02,6.48,9.82,3.10,9.66,1.72,2.73,2.52,2.69,3.56
11/08/2025,7.37,0.00,0.21,0.21,0.00,4.99,2.36,2.36,2.18,2.17,7.16,10.03,2.68,9.88,1.58,2.82,2.77,2.71,3.64
12/08/2025,6.65,0.00,0.47,0.47,0.00,3.47,1.65,1.65,2.74,2.71,6.18,5.16,0.04,5.00,0.88,1.38,1.31,1.43,1.87
13/08/2025,7.27,0.00,1.07,1.07,0.00,4.31,2.58,2.58,1.95,1.89,6.20,9.99,3.10,9.81,1.40,2.84,2.74,2.83,3.63
14/08/2025,6.97,0.00,0.82,0.82,0.00,3.67,2.87,2.87,2.49,2.48,6.15,7.76,1.22,7.66,1.43,2.04,2.07,2.12,2.82
15/08/2025,7.33,0.00,0.42,0.42,0.00,4.48,2.69,2.69,2.47,2.43,6.91,8.48,1.31,8.29,1.17,2.29,2.47,2.36,3.08
16/08/2025,3.15,0.00,0.35,0.35,0.00,1.39,1.94,1.94,1.41,1.41,2.80,8.03,4.70,7.87,1.15,1.40,2.67,2.65,2.91
17/08/2025,4.57,0.00,0.01,0.01,0.00,3.55,1.06,1.06,1.01,1.01,4.56,8.40,3.79,8.27,1.00,1.30,3.01,2.96,3.05
18/08/2025,4.49,0.00,0.01,0.01,0.00,3.42,1.06,1.06,1.06,1.06,4.48,8.35,3.87,8.23,1.13,1.33,2.94,2.83,3.03
19/08/2025,3.78,0.00,0.01,0.01,0.00,2.74,1.08,1.08,1.03,1.03,3.77,7.76,3.94,7.65,0.93,1.22,2.78,2.72,2.82
20/08/2025,4.34,0.00,0.02,0.01,0.01,3.11,1.24,1.25,1.22,1.22,4.32,6.49,2.14,6.33,0.89,1.51,1.95,1.98,2.36
21/08/2025,3.88,0.00,0.01,0.01,0.00,2.85,1.07,1.07,1.03,1.02,3.87,6.76,2.84,6.62,1.15,1.41,2.01,2.05,2.45
22/08/2025,3.57,0.00,0.01,0.01,0.00,2.37,1.26,1.26,1.19,1.19,3.56,5.20,1.57,4.79,0.89,1.06,1.27,1.57,1.89
23/08/2025,4.47,0.00,0.01,0.01,0.00,3.25,1.18,1.18,1.21,1.21,4.46,7.08,2.65,6.93,1.00,1.13,2.47,2.33,2.57
24/08/2025,2.90,0.00,0.01,0.01,0.00,1.86,1.08,1.08,1.03,1.03,2.89,6.03,3.09,5.86,1.18,1.42,1.61,1.65,2.19
25/08/2025,3.92,0.00,0.01,0.01,0.00,2.80,1.17,1.17,1.11,1.11,3.91,5.17,1.20,5.03,0.64,1.24,1.53,1.62,1.88
26/08/2025,3.47,0.00,0.00,0.00,0.00,2.46,1.06,1.06,1.01,1.01,3.47,6.71,3.19,6.61,1.00,1.39,2.09,2.13,2.44
27/08/2025,4.10,0.00,0.01,0.01,0.00,2.92,1.22,1.22,1.17,1.17,4.09,6.55,2.41,6.30,0.79,1.40,1.95,2.16,2.38
28/08/2025,3.28,0.00,0.01,0.01,0.00,2.04,1.23,1.23,1.24,1.23,3.27,4.23,0.96,4.08,0.59,1.08,1.22,1.19,1.54
29/08/2025,4.06,0.00,0.01,0.01,0.00,2.75,1.20,1.20,1.30,1.30,4.05,6.36,2.41,6.26,1.00,1.28,2.05,1.93,2.31
30/08/2025,6.58,0.00,0.54,0.54,0.00,3.49,1.87,1.87,2.57,2.55,6.04,6.94,1.58,6.70,1.18,1.63,1.95,1.94,2.52
31/08/2025,4.99,0.00,0.01,0.01,0.00,3.15,2.16,2.16,1.83,1.83,4.98,6.36,1.05,6.26,1.12,1.67,1.72,1.75,2.31
01/09/2025,6.86,0.00,2.15,2.15,0.00,2.00,1.46,1.46,2.73,2.71,4.71,3.53,0.07,3.27,0.78,0.77,0.83,0.89,1.28
02/09/2025,6.08,0.00,1.56,1.56,0.00,2.85,2.60,2.60,1.70,1.67,4.52,6.61,1.16,6.48,0.99,1.83,1.84,1.82,2.40
03/09/2025,5.73,0.00,0.17,0.17,0.00,3.56,2.62,2.62,2.01,2.00,5.56,7.57,1.39,7.44,1.60,1.94,1.88,2.02,2.75
04/09/2025,8.30,0.00,0.66,0.66,0.00,4.01,2.44,2.44,3.67,3.63,7.64,7.29,0.84,7.12,1.19,1.94,2.07,1.92,2.65
05/09/2025,6.98,0.00,2.22,2.22,0.00,2.46,2.64,2.64,2.33,2.30,4.76,5.66,0.56,5.55,0.62,1.65,1.65,1.63,2.05
06/09/2025,3.13,0.00,0.54,0.53,0.01,1.40,2.54,2.55,1.21,1.20,2.59,6.94,3.00,6.77,1.43,1.61,1.87,1.86,2.52
07/09/2025,7.14,0.00,0.49,0.49,0.00,4.17,1.81,1.81,2.50,2.48,6.65,10.08,4.10,9.92,1.53,2.72,2.83,2.84,3.66
08/09/2025,6.91,0.00,0.72,0.72,0.00,4.13,2.56,2.56,2.10,2.06,6.19,10.04,3.35,9.94,1.58,2.78,2.79,2.79,3.64
09/09/2025,5.92,0.00,0.05,0.05,0.00,3.24,2.35,2.35,2.63,2.63,5.87,7.43,1.84,7.30,1.47,1.86,1.94,2.03,2.70
10/09/2025,4.81,0.00,1.09,1.09,0.00,1.67,1.29,1.29,2.06,2.05,3.72,2.97,0.01,2.77,0.39,0.75,0.78,0.85,1.08
11/09/2025,4.75,0.00,1.22,1.22,0.00,2.15,2.78,2.78,1.39,1.38,3.53,6.18,1.25,6.08,1.29,1.56,1.60,1.63,2.24
12/09/2025,8.41,0.00,1.08,1.08,0.00,4.21,2.93,2.93,3.15,3.12,7.33,7.83,0.69,7.66,1.28,2.12,2.09,2.17,2.84
13/09/2025,9.67,0.00,2.26,2.26,0.00,3.95,2.57,2.57,3.53,3.46,7.41,6.73,0.21,6.61,1.44,1.69,1.83,1.65,2.44
14/09/2025,9.09,0.00,4.60,4.60,0.00,2.84,1.74,1.74,1.67,1.65,4.49,4.64,0.06,4.52,0.50,1.32,1.33,1.37,1.68
15/09/2025,6.51,0.00,1.98,1.97,0.01,2.37,2.72,2.73,2.21,2.17,4.53,5.43,0.34,5.22,0.80,1.46,1.40,1.56,1.97
16/09/2025,6.79,0.00,4.44,4.43,0.01,1.64,0.32,0.33,0.72,0.72,2.35,1.96,0.00,1.65,0.29,0.36,0.50,0.50,0.71
17/09/2025,4.03,0.00,0.95,0.95,0.00,1.84,2.53,2.53,1.25,1.24,3.08,4.62,0.25,4.52,0.78,1.36,1.16,1.22,1.68
18/09/2025,6.09,0.00,1.05,1.04,0.01,2.38,2.75,2.76,2.67,2.67,5.04,5.69,0.56,5.47,0.63,1.72,1.48,1.64,2.07
19/09/2025,7.14,0.00,2.73,2.73,0.00,2.32,0.92,0.92,2.10,2.09,4.41,3.24,0.00,2.96,0.39,0.92,0.83,0.82,1.18
20/09/2025,4.85,0.00,0.79,0.79,0.00,2.79,2.54,2.54,1.27,1.27,4.06,5.69,0.36,5.55,0.77,1.51,1.66,1.61,2.07
21/09/2025,5.92,0.00,1.56,1.55,0.01,1.48,2.15,2.16,2.91,2.89,4.36,3.64,0.01,3.40,0.51,0.95,1.00,0.94,1.32
22/09/2025,7.39,0.00,1.94,1.94,0.00,3.07,2.69,2.69,2.39,2.38,5.45,6.39,0.63,6.21,1.29,1.60,1.67,1.65,2.32
23/09/2025,8.81,0.00,1.14,1.14,0.00,5.19,2.76,2.76,2.51,2.48,7.67,8.83,0.88,8.75,1.41,2.55,2.33,2.46,3.21
24/09/2025,8.95,0.00,1.35,1.35,0.00,5.36,2.82,2.82,2.25,2.24,7.60,9.73,1.55,9.69,1.56,2.71,2.72,2.70,3.53
25/09/2025,8.65,0.00,1.14,1.14,0.00,4.21,2.52,2.52,3.32,3.30,7.51,7.45,0.72,7.31,0.59,2.25,2.25,2.22,2.70
26/09/2025,7.59,0.00,1.33,1.33,0.00,4.46,2.85,2.85,1.81,1.80,6.26,7.47,0.16,7.38,1.24,2.08,2.04,2.02,2.71
27/09/2025,4.16,0.00,0.05,0.05,0.00,1.74,2.43,2.43,2.38,2.37,4.11,5.23,1.06,5.01,0.37,1.48,1.46,1.70,1.90
28/09/2025,6.83,0.00,0.63,0.63,0.00,3.92,2.12,2.12,2.29,2.28,6.20,9.20,3.16,9.11,1.26,2.59,2.70,2.56,3.34
29/09/2025,7.53,0.00,0.55,0.55,0.00,4.16,2.65,2.65,2.91,2.82,6.98,7.89,1.08,7.75,1.37,2.02,2.11,2.25,2.86
30/09/2025,7.39,0.00,2.42,2.42,0.00,2.46,2.70,2.70,2.53,2.51,4.97,5.20,0.04,5.03,0.41,1.56,1.53,1.53,1.89
01/10/2025,9.04,0.00,1.54,1.54,0.00,4.21,2.85,2.85,3.35,3.29,7.50,7.20,0.14,7.07,1.23,2.10,1.82,1.92,2.61
02/10/2025,2.83,0.00,0.76,0.76,0.00,1.21,2.50,2.50,0.86,0.86,2.07,7.60,3.89,7.55,1.13,2.40,1.99,2.03,2.76
03/10/2025,2.56,0.00,0.01,0.01,0.00,1.08,1.47,1.47,1.47,1.47,2.55,6.12,3.57,5.94,1.17,1.87,1.40,1.50,2.22
04/10/2025,2.63,0.00,0.00,0.00,0.00,0.95,0.72,0.72,1.69,1.68,2.63,1.67,0.00,1.45,0.16,0.42,0.46,0.41,0.61
05/10/2025,2.67,0.00,0.03,0.03,0.00,1.13,1.76,1.76,1.51,1.51,2.64,2.89,0.00,2.72,0.42,0.70,0.77,0.83,1.05
06/10/2025,2.51,0.00,0.02,0.01,0.01,1.10,2.27,2.28,1.40,1.40,2.49,4.68,1.31,4.59,0.75,1.41,1.25,1.18,1.70
07/10/2025,2.54,0.00,0.05,0.05,0.00,0.73,0.02,0.02,1.76,1.76,2.49,0.75,0.00,0.35,-0.01,0.11,0.16,0.09,0.27
08/10/2025,2.22,0.00,1.19,1.19,0.00,0.82,0.22,0.22,0.21,0.21,1.03,1.04,0.00,0.48,0.11,-0.02,0.20,0.19,0.38
09/10/2025,2.47,0.00,0.65,0.65,0.00,1.06,2.47,2.47,0.76,0.76,1.82,3.53,0.00,3.37,0.74,0.85,0.83,0.95,1.28
10/10/2025,2.62,0.00,0.01,0.01,0.00,1.11,1.32,1.32,1.50,1.50,2.61,2.43,0.00,2.12,0.41,0.51,0.49,0.71,0.88
11/10/2025,6.12,0.00,1.17,1.16,0.01,1.60,2.10,2.11,3.41,3.36,4.95,3.71,0.01,3.52,0.42,0.98,1.04,1.08,1.35
12/10/2025,6.54,0.00,4.32,4.32,0.00,1.43,0.82,0.82,0.82,0.79,2.22,2.25,0.00,2.04,0.30,0.59,0.60,0.55,0.82
13/10/2025,6.20,0.00,1.51,1.51,0.00,2.84,2.01,2.01,1.87,1.85,4.69,4.90,0.05,4.72,0.52,1.33,1.40,1.47,1.78
14/10/2025,8.68,0.00,7.46,7.45,0.01,1.14,0.04,0.05,0.09,0.09,1.22,1.18,0.00,0.87,0.15,0.24,0.22,0.26,0.43
15/10/2025,7.28,0.00,5.80,5.80,0.00,1.42,0.09,0.09,0.06,0.06,1.48,1.52,0.01,1.29,0.21,0.35,0.36,0.37,0.55
16/10/2025,5.78,0.00,3.48,3.48,0.00,1.60,0.80,0.80,0.73,0.70,2.30,2.40,0.00,2.29,0.29,0.71,0.59,0.70,0.87
17/10/2025,6.14,0.00,3.43,3.43,0.00,2.01,0.76,0.76,0.71,0.70,2.71,2.78,0.01,2.78,0.56,0.71,0.84,0.67,1.01
18/10/2025,7.25,0.00,3.18,3.18,0.00,2.27,1.93,1.93,1.86,1.80,4.07,4.21,0.01,4.21,0.95,1.12,1.14,1.00,1.53
19/10/2025,7.71,0.00,2.97,2.97,0.00,2.76,2.75,2.75,2.00,1.98,4.74,5.86,0.35,5.86,0.87,1.56,1.74,1.69,2.13
20/10/2025,7.16,0.00,5.38,5.38,0.00,1.08,0.02,0.02,0.70,0.70,1.78,1.10,0.00,1.10,0.17,0.18,0.51,0.24,0.40
21/10/2025,2.78,0.00,2.75,2.75,0.00,0.03,0.15,0.15,0.00,0.00,0.03,0.18,0.00,0.17,0.02,0.02,0.08,0.05,0.07
22/10/2025,6.92,0.00,5.35,5.35,0.00,1.44,0.17,0.17,0.14,0.13,1.57,1.63,0.02,1.63,0.18,0.39,0.69,0.37,0.59
23/10/2025,7.75,0.00,7.15,7.15,0.00,0.56,0.07,0.07,0.04,0.04,0.60,0.63,0.00,0.63,0.04,0.11,0.35,0.13,0.23
24/10/2025,8.08,0.00,7.29,7.29,0.00,0.79,0.01,0.01,0.00,0.00,0.79,0.80,0.00,0.70,-0.01,0.18,0.34,0.19,0.29
25/10/2025,3.97,0.00,3.49,3.49,0.00,0.48,0.01,0.01,0.00,0.00,0.48,0.49,0.00,0.49,0.02,0.07,0.31,0.09,0.18
26/10/2025,9.79,0.00,8.92,8.91,0.01,0.82,0.19,0.20,0.06,0.06,0.87,1.01,0.00,0.95,0.17,0.22,0.41,0.15,0.37
27/10/2025,6.80,0.00,3.83,3.83,0.00,1.76,1.26,1.26,1.23,1.21,2.97,3.05,0.03,3.04,0.36,0.88,0.94,0.86,1.11
28/10/2025,7.73,0.00,6.45,6.45,0.00,1.14,0.18,0.18,0.14,0.14,1.28,1.33,0.01,1.34,0.10,0.32,0.54,0.38,0.48
29/10/2025,5.28,0.00,4.00,4.00,0.00,1.21,0.10,0.10,0.07,0.07,1.28,1.31,0.00,1.25,0.29,0.19,0.48,0.29,0.48
30/10/2025,5.17,0.00,2.88,2.88,0.00,1.44,0.90,0.90,0.86,0.85,2.29,2.35,0.01,2.35,0.25,0.67,0.85,0.58,0.85
31/10/2025,6.53,0.00,4.27,4.27,0.00,1.57,0.79,0.79,0.70,0.69,2.26,2.38,0.02,2.38,0.41,0.66,0.67,0.64,0.86
01/11/2025,7.52,0.00,6.40,6.40,0.00,1.10,0.07,0.07,0.02,0.02,1.12,1.18,0.01,1.16,0.27,0.26,0.41,0.22,0.43
02/11/2025,5.33,0.00,3.87,3.87,0.00,1.06,0.38,0.38,0.40,0.40,1.46,1.44,0.00,1.44,0.15,0.38,0.48,0.43,0.52
03/11/2025,5.10,0.00,1.90,1.90,0.00,1.27,2.03,2.03,1.94,1.93,3.20,3.30,0.00,3.30,0.60,0.86,0.91,0.93,1.20
04/11/2025,5.62,0.00,4.52,4.52,0.00,1.07,0.03,0.03,0.03,0.03,1.10,1.10,0.00,1.10,0.12,0.25,0.44,0.29,0.40
05/11/2025,5.93,0.00,4.84,4.84,0.00,0.91,0.22,0.22,0.18,0.18,1.09,1.13,0.00,1.14,0.10,0.27,0.50,0.27,0.41
06/11/2025,5.11,0.00,1.08,1.08,0.00,2.06,2.36,2.36,1.97,1.97,4.03,4.55,0.13,4.51,0.75,1.27,1.26,1.23,1.65
07/11/2025,7.49,0.00,5.91,5.90,0.01,1.06,0.26,0.27,0.53,0.53,1.58,1.32,0.00,1.30,0.27,0.29,0.42,0.32,0.48
08/11/2025,7.78,0.00,7.54,7.54,0.00,0.24,0.00,0.00,0.00,0.00,0.24,0.24,0.00,0.24,0.02,0.02,0.16,0.04,0.09
09/11/2025,5.62,0.00,4.48,4.48,0.00,0.86,0.22,0.22,0.28,0.28,1.14,1.08,0.00,0.93,0.18,-0.01,0.55,0.21,0.39
10/11/2025,4.95,0.00,4.04,4.04,0.00,0.71,0.23,0.23,0.20,0.20,0.91,0.95,0.01,0.86,0.09,0.04,0.47,0.26,0.34
11/11/2025,6.98,0.00,6.35,6.35,0.00,0.63,0.05,0.05,0.00,0.00,0.63,0.68,0.00,0.67,0.07,0.16,0.38,0.06,0.25
12/11/2025,4.97,0.00,3.79,3.79,0.00,1.00,0.21,0.21,0.18,0.18,1.18,1.21,0.00,1.20,0.15,0.25,0.51,0.29,0.44
13/11/2025,7.49,0.00,6.15,6.15,0.00,1.24,0.16,0.16,0.11,0.10,1.34,1.40,0.00,1.40,0.25,0.25,0.49,0.41,0.51
14/11/2025,8.41,0.00,8.22,8.21,0.01,0.20,0.00,0.01,0.00,0.00,0.19,0.20,0.00,0.21,0.01,0.01,0.16,0.03,0.07
15/11/2025,8.89,0.00,8.05,8.05,0.00,0.77,0.13,0.13,0.07,0.07,0.84,0.90,0.00,0.86,0.09,0.20,0.38,0.19,0.33
16/11/2025,7.54,0.00,5.16,5.16,0.00,1.57,0.90,0.90,0.82,0.81,2.38,2.50,0.03,2.50,0.23,0.77,0.77,0.73,0.91
17/11/2025,8.20,0.00,5.42,5.42,0.00,2.17,0.65,0.65,0.62,0.61,2.78,2.86,0.04,2.84,0.39,0.79,0.91,0.75,1.04
18/11/2025,7.24,0.00,6.17,6.17,0.00,1.03,0.09,0.09,0.04,0.04,1.07,1.13,0.01,1.13,0.22,0.23,0.38,0.30,0.41
19/11/2025,6.89,0.00,6.79,6.79,0.00,0.10,0.00,0.00,0.00,0.00,0.10,0.10,0.00,0.10,0.01,-0.01,0.10,0.00,0.04
20/11/2025,5.14,0.00,2.86,2.86,0.00,1.54,0.80,0.80,0.75,0.74,2.28,2.35,0.01,2.34,0.39,0.64,0.69,0.62,0.85
21/11/2025,8.48,0.00,4.72,4.72,0.00,2.33,1.51,1.51,1.45,1.43,3.76,3.85,0.01,3.86,0.59,1.12,1.13,1.02,1.40
22/11/2025,7.19,0.00,4.88,4.88,0.00,1.91,0.45,0.45,0.40,0.40,2.31,2.37,0.01,2.37,0.24,0.67,0.79,0.67,0.86
23/11/2025,7.50,0.00,4.96,4.96,0.00,1.28,1.41,1.41,1.27,1.26,2.54,2.69,0.00,2.69,0.52,0.77,0.74,0.66,0.98
24/11/2025,8.49,0.00,8.03,8.02,0.01,0.47,0.01,0.02,0.00,0.00,0.46,0.48,0.00,0.49,0.06,0.07,0.31,0.05,0.17
25/11/2025,6.03,0.00,5.06,5.06,0.00,0.84,0.08,0.08,0.13,0.13,0.97,0.92,0.00,0.93,0.12,0.20,0.40,0.21,0.33
26/11/2025,6.55,0.00,6.19,6.19,0.00,0.29,0.11,0.11,0.07,0.07,0.36,0.40,0.00,0.40,0.04,0.08,0.20,0.08,0.15
27/11/2025,7.52,0.00,7.30,7.30,0.00,0.22,0.00,0.00,0.00,0.00,0.22,0.22,0.00,0.21,0.00,-0.01,0.20,0.02,0.08
28/11/2025,8.20,0.00,8.08,8.07,0.01,0.11,0.07,0.08,0.02,0.02,0.12,0.18,0.00,0.18,0.03,0.01,0.12,0.02,0.07
29/11/2025,7.08,0.00,6.04,6.04,0.00,0.91,0.10,0.10,0.13,0.13,1.04,1.01,0.00,1.00,0.18,0.22,0.37,0.23,0.37
30/11/2025,7.72,0.00,6.77,6.77,0.00,0.89,0.16,0.16,0.06,0.06,0.95,1.07,0.02,0.82,0.09,0.05,0.42,0.26,0.39
01/12/2025,5.36,0.00,3.88,3.88,0.00,0.80,0.75,0.75,0.68,0.68,1.48,1.55,0.00,1.50,0.22,0.40,0.49,0.39,0.56
02/12/2025,8.29,0.00,7.90,7.90,0.00,0.39,0.00,0.00,0.00,0.00,0.39,0.39,0.00,0.34,0.04,-0.02,0.25,0.07,0.14
03/12/2025,5.10,0.00,4.70,4.70,0.00,0.40,0.01,0.01,0.00,0.00,0.40,0.41,0.00,0.36,0.04,-0.01,0.30,0.03,0.15
04/12/2025,7.69,0.00,7.46,7.45,0.01,0.22,0.07,0.08,0.02,0.02,0.23,0.29,0.00,0.28,0.05,-0.01,0.17,0.07,0.11
05/12/2025,8.44,0.00,8.32,8.32,0.00,0.12,0.00,0.00,0.00,0.00,0.12,0.12,0.00,0.12,0.01,0.00,0.08,0.03,0.04
06/12/2025,8.14,0.00,7.93,7.93,0.00,0.19,0.08,0.08,0.03,0.02,0.21,0.27,0.00,0.25,0.02,0.05,0.19,-0.01,0.10
07/12/2025,9.96,0.00,9.71,9.70,0.01,0.26,0.01,0.02,0.00,0.00,0.25,0.27,0.00,0.27,0.02,0.05,0.17,0.03,0.10
08/12/2025,6.58,0.00,5.89,5.89,0.00,0.57,0.15,0.15,0.12,0.12,0.69,0.72,0.00,0.72,0.10,0.18,0.28,0.16,0.26
09/12/2025,11.72,0.00,11.53,11.53,0.00,0.19,0.01,0.01,0.00,0.00,0.19,0.20,0.00,0.20,0.00,0.01,0.17,0.02,0.07
10/12/2025,7.04,0.00,6.76,6.76,0.00,0.26,0.08,0.08,0.02,0.02,0.28,0.34,0.00,0.36,0.05,0.03,0.25,0.03,0.12
11/12/2025,6.63,0.00,6.34,6.34,0.00,0.29,0.00,0.00,0.00,0.00,0.29,0.29,0.00,0.24,0.02,0.02,0.21,-0.01,0.11
12/12/2025,8.14,0.00,7.83,7.83,0.00,0.31,0.00,0.00,0.00,0.00,0.31,0.31,0.00,0.28,0.02,-0.01,0.24,0.03,0.11
13/12/2025,7.23,0.00,6.70,6.69,0.01,0.51,0.10,0.11,0.03,0.03,0.53,0.61,0.00,0.60,0.04,0.14,0.24,0.18,0.22
14/12/2025,5.86,0.00,4.30,4.30,0.00,1.32,0.20,0.20,0.24,0.24,1.56,1.53,0.01,1.53,0.20,0.38,0.49,0.46,0.56
15/12/2025,8.02,0.00,6.13,6.13,0.00,1.61,0.35,0.35,0.28,0.28,1.89,1.97,0.01,1.97,0.23,0.55,0.58,0.61,0.72
16/12/2025,7.85,0.00,5.94,5.94,0.00,1.46,0.47,0.47,0.47,0.45,1.91,1.93,0.00,1.77,0.26,0.34,0.60,0.57,0.70
17/12/2025,5.96,0.00,5.00,5.00,0.00,0.73,0.24,0.24,0.23,0.23,0.96,0.97,0.00,0.97,0.11,0.28,0.37,0.21,0.35
18/12/2025,8.52,0.00,7.77,7.77,0.00,0.75,0.03,0.03,0.00,0.00,0.75,0.79,0.01,0.78,0.12,0.13,0.39,0.14,0.29
19/12/2025,10.18,0.00,10.13,10.12,0.01,0.06,0.00,0.01,0.00,0.00,0.05,0.06,0.00,0.06,0.00,0.00,0.06,0.00,0.02
20/12/2025,6.39,0.00,6.23,6.23,0.00,0.14,0.08,0.08,0.02,0.02,0.16,0.22,0.00,0.21,0.02,-0.02,0.18,0.03,0.08
21/12/2025,6.61,0.00,6.47,6.47,0.00,0.14,0.00,0.00,0.00,0.00,0.14,0.14,0.00,0.14,0.00,-0.01,0.13,0.02,0.05
22/12/2025,11.19,0.00,11.11,11.11,0.00,0.08,0.00,0.00,0.00,0.00,0.08,0.08,0.00,0.08,0.00,0.01,0.06,0.01,0.03
23/12/2025,7.09,0.00,5.05,5.05,0.00,1.26,0.87,0.87,0.78,0.78,2.04,2.13,0.00,2.13,0.29,0.64,0.58,0.62,0.77
24/12/2025,7.26,0.00,6.98,6.97,0.01,0.29,0.00,0.01,0.00,0.00,0.28,0.29,0.00,0.26,0.03,0.05,0.19,-0.01,0.11
25/12/2025,5.03,0.00,2.65,2.65,0.00,1.26,1.22,1.22,1.12,1.12,2.38,2.48,0.00,2.48,0.34,0.66,0.75,0.73,0.90
26/12/2025,5.34,0.00,4.88,4.88,0.00,0.44,0.00,0.00,0.02,0.02,0.46,0.44,0.00,0.44,0.06,0.07,0.24,0.07,0.16
27/12/2025,8.97,0.00,8.15,8.15,0.00,0.81,0.03,0.03,0.01,0.01,0.82,0.84,0.00,0.84,0.05,0.18,0.38,0.23,0.30
28/12/2025,7.36,0.00,5.02,5.02,0.00,1.69,0.72,0.72,0.67,0.65,2.34,2.42,0.01,2.42,0.30,0.70,0.75,0.67,0.88
29/12/2025,6.67,0.00,6.22,6.22,0.00,0.45,0.01,0.01,0.00,0.00,0.45,0.46,0.00,0.41,0.06,0.11,0.25,-0.01,0.17
30/12/2025,8.38,0.00,6.36,6.36,0.00,1.68,0.40,0.40,0.34,0.34,2.02,2.09,0.01,1.99,0.20,0.59,0.58,0.62,0.76
31/12/2025,8.83,0.00,7.95,7.95,0.00,0.80,0.14,0.14,0.08,0.08,0.88,0.94,0.00,0.95,0.14,0.20,0.39,0.22,0.34
01/01/2026,8.63,0.00,8.44,8.43,0.01,0.19,0.01,0.02,0.01,0.01,0.19,0.20,0.00,0.14,0.02,0.01,0.06,0.05,0.07
02/01/2026,7.16,0.00,6.92,6.92,0.00,0.24,0.00,0.00,0.00,0.00,0.24,0.24,0.00,0.23,-0.01,0.04,0.17,0.03,0.09
03/01/2026,7.16,0.00,6.48,6.48,0.00,0.56,0.12,0.12,0.13,0.12,0.68,0.69,0.01,0.67,0.07,0.12,0.28,0.20,0.25
04/01/2026,9.38,0.00,8.61,8.61,0.00,0.75,0.06,0.06,0.02,0.02,0.77,0.81,0.00,0.81,0.34,0.18,0.19,0.10,0.29
05/01/2026,8.54,0.00,8.41,8.41,0.00,0.13,0.00,0.00,0.00,0.00,0.13,0.13,0.00,0.13,0.11,0.01,0.01,0.00,0.05
06/01/2026,6.19,0.00,5.95,5.94,0.01,0.24,0.08,0.09,0.01,0.01,0.24,0.32,0.00,0.31,0.16,0.07,0.05,0.03,0.12
07/01/2026,5.68,0.00,5.55,5.55,0.00,0.13,0.00,0.00,0.00,0.00,0.13,0.13,0.00,0.13,0.10,0.01,0.01,0.01,0.05
08/01/2026,7.19,0.00,9.21,7.03,2.18,0.07,0.11,2.29,0.09,0.09,-2.02,0.18,0.00,0.17,0.15,0.03,-0.02,0.01,0.07
09/01/2026,7.82,0.00,6.72,6.56,0.16,0.22,0.00,0.16,1.04,1.04,1.10,0.22,0.00,0.22,0.13,0.01,0.06,0.02,0.08
10/01/2026,7.99,0.00,6.04,6.04,0.00,0.56,0.14,0.14,1.39,1.39,1.95,0.71,0.01,0.72,0.11,0.25,0.19,0.17,0.26
11/01/2026,6.38,0.00,4.59,4.59,0.00,1.11,0.80,0.80,0.69,0.68,1.79,1.91,0.00,1.86,0.38,0.68,0.37,0.43,0.69
12/01/2026,7.18,0.00,6.99,6.99,0.00,0.19,0.01,0.01,0.00,0.00,0.19,0.20,0.00,0.21,0.01,0.17,0.02,0.01,0.07
13/01/2026,7.16,0.00,6.91,6.91,0.00,0.23,0.06,0.06,0.02,0.02,0.25,0.29,0.00,0.27,-0.01,-0.01,0.22,0.07,0.11
14/01/2026,6.33,0.00,4.65,4.65,0.00,1.43,0.30,0.30,0.25,0.25,1.68,1.73,0.00,1.61,0.14,0.51,0.59,0.37,0.63
15/01/2026,7.38,0.00,6.81,6.81,0.00,0.55,0.08,0.08,0.02,0.02,0.57,0.63,0.00,0.63,0.07,0.11,0.30,0.15,0.23
16/01/2026,9.27,0.00,7.94,7.94,0.00,1.16,0.13,0.13,0.17,0.17,1.33,1.29,0.00,1.29,0.14,0.32,0.49,0.34,0.47
17/01/2026,9.62,0.00,7.88,7.87,0.01,1.55,0.30,0.31,0.20,0.20,1.74,1.87,0.02,1.87,0.32,0.39,0.65,0.51,0.68
18/01/2026,7.87,0.00,6.67,6.67,0.00,0.96,0.25,0.25,0.25,0.24,1.20,1.22,0.01,1.22,0.09,0.35,0.44,0.34,0.44
19/01/2026,6.79,0.00,3.42,3.42,0.00,1.76,1.72,1.72,1.61,1.61,3.37,3.48,0.00,3.48,0.52,0.96,0.97,1.03,1.26
20/01/2026,5.64,0.00,2.39,2.39,0.00,1.47,1.84,1.84,1.79,1.78,3.25,3.31,0.00,3.44,0.55,0.99,0.99,0.91,1.20
21/01/2026,7.10,0.00,3.95,3.95,0.00,1.47,1.73,1.73,1.68,1.68,3.15,3.20,0.00,3.32,0.58,0.90,0.97,0.87,1.16
22/01/2026,7.62,0.00,7.09,7.09,0.00,0.51,0.05,0.05,0.02,0.02,0.53,0.56,0.00,0.61,0.03,0.12,0.31,0.15,0.20
23/01/2026,9.08,0.00,7.02,7.02,0.00,1.92,0.19,0.19,0.14,0.14,2.06,2.13,0.02,2.22,0.21,0.68,0.71,0.62,0.77
24/01/2026,8.80,0.00,8.36,8.36,0.00,0.44,0.01,0.01,0.00,0.00,0.44,0.45,0.00,0.51,0.05,0.07,0.29,0.10,0.16
25/01/2026,7.22,0.00,6.89,6.89,0.00,0.31,0.05,0.05,0.02,0.02,0.33,0.36,0.00,0.40,0.05,0.06,0.23,0.06,0.13
26/01/2026,6.19,0.00,6.13,6.13,0.00,0.06,0.01,0.01,0.00,0.00,0.06,0.07,0.00,0.09,0.07,0.00,0.01,0.01,0.03
27/01/2026,8.64,0.00,8.45,8.44,0.01,0.18,0.07,0.08,0.03,0.02,0.19,0.25,0.00,0.31,0.20,0.02,0.04,0.05,0.09
28/01/2026,8.46,0.00,8.07,8.07,0.00,0.39,0.00,0.00,0.00,0.00,0.39,0.39,0.00,0.43,0.05,0.14,0.16,0.08,0.14
29/01/2026,6.60,0.00,6.48,6.48,0.00,0.12,0.01,0.01,0.00,0.00,0.12,0.13,0.00,0.17,0.02,0.00,0.14,0.01,0.05
30/01/2026,7.60,0.00,7.40,7.39,0.01,0.19,0.06,0.07,0.02,0.02,0.20,0.25,0.00,0.28,0.01,0.03,0.22,0.02,0.09
31/01/2026,7.87,0.00,7.47,7.47,0.00,0.40,0.01,0.01,0.00,0.00,0.40,0.41,0.00,0.56,0.05,0.06,0.35,0.10,0.15
01/02/2026,7.16,0.00,6.34,6.34,0.00,0.81,0.08,0.08,0.01,0.01,0.82,0.89,0.00,1.10,0.11,0.14,0.62,0.23,0.32
02/02/2026,6.34,0.00,4.75,4.75,0.00,1.11,0.48,0.48,0.48,0.48,1.59,1.60,0.01,1.91,0.19,0.41,0.88,0.43,0.58
03/02/2026,10.38,0.00,8.47,8.47,0.00,1.49,0.51,0.51,0.42,0.42,1.91,2.00,0.00,2.22,0.59,0.38,0.74,0.51,0.73
04/02/2026,6.74,0.00,5.46,5.46,0.00,1.24,0.04,0.04,0.04,0.04,1.28,1.30,0.02,1.41,0.25,0.25,0.59,0.32,0.47
05/02/2026,5.54,0.00,5.06,5.06,0.00,0.47,0.03,0.03,0.01,0.01,0.48,0.50,0.00,0.63,0.07,0.07,0.35,0.14,0.18
06/02/2026,7.01,0.00,6.61,6.61,0.00,0.40,0.00,0.00,0.00,0.00,0.40,0.40,0.00,0.46,0.05,0.06,0.27,0.08,0.15
07/02/2026,6.54,0.00,6.26,6.25,0.01,0.27,0.08,0.09,0.02,0.02,0.28,0.35,0.00,0.43,0.01,0.06,0.30,0.06,0.13
08/02/2026,3.89,0.00,3.50,3.50,0.00,0.39,0.01,0.01,0.00,0.00,0.39,0.40,0.00,0.53,0.06,0.05,0.33,0.09,0.15
09/02/2026,4.92,0.00,4.23,4.23,0.00,0.67,0.05,0.05,0.02,0.02,0.69,0.72,0.00,0.80,0.09,0.10,0.42,0.19,0.26
10/02/2026,7.80,0.00,6.08,6.08,0.00,1.62,0.12,0.12,0.11,0.10,1.72,1.74,0.00,1.89,0.22,0.45,0.67,0.55,0.63
11/02/2026,6.97,0.00,6.71,6.71,0.00,0.26,0.01,0.01,0.00,0.00,0.26,0.27,0.00,0.29,0.03,0.01,0.23,0.02,0.10
12/02/2026,6.74,0.00,6.40,6.39,0.01,0.33,0.07,0.08,0.02,0.02,0.34,0.40,0.00,0.50,0.05,0.21,0.19,0.05,0.15
13/02/2026,7.10,0.00,6.70,6.70,0.00,0.40,0.01,0.01,0.00,0.00,0.40,0.41,0.00,0.49,0.33,0.08,0.05,0.03,0.15
14/02/2026,8.72,0.00,5.28,5.28,0.00,1.45,2.14,2.14,2.05,1.99,3.44,3.63,0.04,3.70,0.72,0.99,1.05,0.94,1.32
15/02/2026,8.00,0.00,3.02,3.02,0.00,2.38,2.61,2.61,2.61,2.60,4.98,6.13,1.14,6.15,1.13,1.68,1.67,1.67,2.23
16/02/2026,5.91,0.00,4.54,4.54,0.00,1.37,0.01,0.01,0.00,0.00,1.37,1.38,0.00,1.52,0.15,0.27,0.73,0.37,0.50
17/02/2026,8.47,0.00,8.05,8.05,0.00,0.41,0.08,0.08,0.01,0.01,0.42,0.49,0.00,0.66,0.43,0.07,0.09,0.07,0.18
18/02/2026,6.34,0.00,1.62,1.62,0.00,2.64,2.25,2.25,2.11,2.08,4.72,4.91,0.02,4.94,0.96,1.39,1.36,1.23,1.78
19/02/2026,5.50,0.00,1.51,1.51,0.00,2.05,2.44,2.44,1.95,1.94,3.99,6.74,2.25,6.84,0.94,1.92,2.00,1.98,2.45
20/02/2026,8.95,0.00,4.70,4.70,0.00,2.45,1.43,1.43,1.80,1.80,4.25,3.89,0.01,4.05,0.66,1.09,1.22,1.08,1.41
21/02/2026,4.59,0.00,3.94,3.94,0.00,0.65,0.01,0.01,0.00,0.00,0.65,0.66,0.00,0.76,0.08,0.09,0.44,0.15,0.24
22/02/2026,5.89,0.00,5.48,5.47,0.01,0.40,0.07,0.08,0.02,0.02,0.41,0.47,0.00,0.57,0.05,0.09,0.33,0.10,0.17
23/02/2026,6.10,0.00,5.35,5.35,0.00,0.65,0.13,0.13,0.10,0.10,0.75,0.78,0.00,0.84,0.10,0.18,0.34,0.22,0.28
24/02/2026,6.41,0.00,4.73,4.73,0.00,1.65,0.10,0.10,0.04,0.03,1.68,1.76,0.01,1.94,0.18,0.48,0.71,0.57,0.64
25/02/2026,6.99,0.00,3.36,3.36,0.00,2.15,1.50,1.50,1.50,1.48,3.63,3.66,0.01,3.76,0.29,1.05,1.27,1.15,1.33
26/02/2026,7.10,0.00,3.56,3.56,0.00,2.33,1.34,1.34,1.22,1.21,3.54,3.69,0.02,3.86,0.48,1.12,1.18,1.08,1.34
27/02/2026,5.25,0.00,2.45,2.45,0.00,1.44,1.43,1.43,1.39,1.36,2.80,2.88,0.01,3.04,0.32,0.80,1.06,0.86,1.05
28/02/2026,4.94,0.00,2.19,2.18,0.01,1.44,1.36,1.37,1.33,1.32,2.75,2.80,0.00,2.91,0.23,0.68,1.13,0.87,1.02
01/03/2026,5.28,0.00,1.13,1.13,0.00,2.28,2.70,2.70,1.90,1.87,4.15,5.05,0.07,5.17,0.78,1.48,1.51,1.40,1.83
02/03/2026,5.96,0.00,1.04,1.04,0.00,1.61,2.56,2.56,3.34,3.31,4.92,7.11,2.94,7.14,0.94,2.01,2.10,2.09,2.58
03/03/2026,5.92,0.00,1.39,1.39,0.00,2.76,2.72,2.72,1.78,1.77,4.53,8.30,2.82,8.34,1.16,2.39,2.37,2.42,3.01
04/03/2026,8.00,0.00,0.84,0.84,0.00,4.42,2.78,2.78,2.78,2.74,7.16,9.24,2.04,9.28,1.29,2.65,2.69,2.65,3.35
05/03/2026,8.07,0.00,0.93,0.93,0.00,4.17,2.62,2.62,2.98,2.97,7.14,8.95,2.16,8.95,1.16,2.60,2.56,2.63,3.25
06/03/2026,11.02,0.00,2.82,2.82,0.00,5.57,3.03,3.03,2.65,2.63,8.20,8.96,0.36,8.98,1.33,2.47,2.63,2.55,3.25
07/03/2026,4.23,0.00,0.34,0.34,0.00,2.16,2.58,2.58,1.73,1.73,3.89,5.83,1.09,5.89,0.77,1.74,1.71,1.67,2.12
08/03/2026,7.84,0.00,3.74,3.74,0.00,2.00,0.84,0.84,2.13,2.10,4.10,2.89,0.05,3.13,0.32,0.98,0.98,0.85,1.05
09/03/2026,6.66,0.00,1.99,1.99,0.00,2.55,2.53,2.53,2.14,2.12,4.67,8.54,3.46,8.58,1.23,2.35,2.47,2.53,3.10
10/03/2026,7.60,0.00,1.47,1.47,0.00,3.62,2.52,2.52,2.51,2.51,6.13,6.82,0.68,6.95,0.91,1.96,2.00,2.08,2.48
11/03/2026,5.49,0.00,2.32,2.32,0.00,1.71,1.38,1.38,1.51,1.46,3.17,3.09,0.00,3.25,0.54,0.85,1.07,0.79,1.12
12/03/2026,6.56,0.00,1.32,1.32,0.00,3.42,2.59,2.59,1.86,1.82,5.24,7.87,1.86,7.94,1.32,2.25,2.18,2.19,2.86
13/03/2026,4.50,0.00,1.89,1.89,0.00,1.41,0.55,0.55,1.20,1.20,2.61,1.96,0.00,2.07,0.30,0.57,0.70,0.50,0.71
14/03/2026,3.05,0.00,0.74,0.73,0.01,1.41,1.13,1.14,0.91,0.91,2.31,2.54,0.00,2.62,0.22,0.73,0.90,0.77,0.92
15/03/2026,5.43,0.00,1.19,1.19,0.00,2.17,2.65,2.65,2.09,2.07,4.24,7.57,2.75,7.59,1.15,1.99,2.23,2.22,2.75
16/03/2026,5.72,0.00,1.12,1.12,0.00,1.81,2.57,2.57,2.81,2.79,4.60,5.01,0.63,5.14,0.44,1.44,1.75,1.51,1.82
17/03/2026,9.16,0.00,5.20,5.20,0.00,3.15,0.62,0.62,0.82,0.81,3.96,3.79,0.02,3.98,0.58,1.14,1.13,1.13,1.38
18/03/2026,8.03,0.00,1.30,1.30,0.00,4.61,2.51,2.51,2.13,2.12,6.73,10.16,3.04,10.22,1.50,3.02,2.82,2.88,3.69
19/03/2026,7.85,0.00,0.70,0.70,0.00,4.86,2.60,2.60,2.29,2.29,7.15,7.97,0.51,8.09,1.35,2.21,2.27,2.26,2.89
20/03/2026,7.04,0.00,1.80,1.80,0.00,2.62,2.81,2.81,2.66,2.62,5.24,6.83,1.40,6.91,0.50,2.07,2.18,2.16,2.48
21/03/2026,5.71,0.00,3.13,3.12,0.01,1.62,0.49,0.50,0.99,0.97,2.58,2.20,0.09,2.31,0.17,0.68,0.80,0.66,0.80
22/03/2026,7.39,0.00,2.03,2.03,0.00,3.28,2.73,2.73,2.09,2.08,5.36,10.13,4.12,10.16,1.40,2.99,2.87,2.90,3.68
23/03/2026,6.30,0.00,1.18,1.18,0.00,2.61,2.50,2.50,2.53,2.51,5.12,7.56,2.45,7.67,1.29,2.14,2.02,2.22,2.74
24/03/2026,6.35,0.00,3.56,3.56,0.00,1.95,0.47,0.47,0.85,0.84,2.79,2.42,0.00,2.48,0.23,0.68,0.87,0.70,0.88
25/03/2026,4.52,0.00,1.30,1.30,0.00,1.71,2.23,2.23,1.52,1.51,3.22,3.97,0.03,4.03,0.36,1.13,1.36,1.18,1.44
26/03/2026,3.73,0.00,0.28,0.27,0.01,1.55,2.51,2.52,1.91,1.91,3.45,7.12,3.06,7.19,1.04,2.24,1.93,1.98,2.58
27/03/2026,7.08,0.00,0.91,0.91,0.00,3.21,2.71,2.71,3.03,2.96,6.17,7.44,1.52,7.55,1.52,1.93,1.99,2.11,2.70
28/03/2026,6.99,0.00,3.01,3.01,0.00,1.96,1.39,1.39,2.04,2.02,3.98,3.42,0.07,3.57,0.54,0.96,1.05,1.02,1.24
29/03/2026,5.11,0.00,0.93,0.92,0.01,2.44,2.53,2.54,1.77,1.75,4.18,6.72,1.75,6.91,1.44,1.67,1.87,1.93,2.44
30/03/2026,5.27,0.00,0.79,0.79,0.00,2.12,2.95,2.95,2.37,2.36,4.48,5.76,0.69,5.93,1.23,1.49,1.64,1.57,2.09
31/03/2026,6.52,0.00,0.48,0.48,0.00,3.15,2.51,2.51,2.93,2.89,6.04,5.72,0.06,5.84,0.89,1.50,1.75,1.70,2.08
01/04/2026,8.56,0.00,2.46,2.46,0.00,3.42,2.69,2.69,2.70,2.68,6.10,6.47,0.36,6.59,0.55,1.91,2.07,2.06,2.35
02/04/2026,6.02,0.00,2.31,2.31,0.00,2.21,1.06,1.06,1.53,1.50,3.71,3.31,0.04,3.47,0.88,0.83,0.92,0.84,1.20
03/04/2026,5.80,0.00,1.67,1.66,0.01,2.39,2.86,2.87,1.77,1.75,4.13,6.70,1.45,6.93,1.01,1.90,2.10,1.92,2.43
04/04/2026,7.49,0.00,0.71,0.70,0.01,4.38,2.74,2.75,2.43,2.41,6.78,9.31,2.19,9.38,1.38,2.61,2.68,2.71,3.38
05/04/2026,8.54,0.00,1.91,1.90,0.01,3.77,2.83,2.84,2.92,2.87,6.63,8.20,1.60,8.26,1.26,2.25,2.40,2.35,2.98
06/04/2026,6.88,0.00,0.82,0.82,0.00,3.95,2.71,2.71,2.13,2.11,6.06,9.01,2.35,9.08,1.70,2.53,2.41,2.44,3.27
07/04/2026,5.16,0.00,0.42,0.42,0.00,2.70,2.03,2.03,2.06,2.04,4.74,10.90,6.17,10.92,1.65,3.19,3.05,3.03,3.96
08/04/2026,10.03,0.00,1.83,1.83,0.00,5.52,2.37,2.37,2.71,2.68,8.20,11.13,3.24,11.19,1.86,3.17,3.08,3.08,4.04
09/04/2026,5.81,0.00,0.67,0.67,0.00,2.63,2.40,2.40,2.52,2.51,5.14,10.52,5.49,10.58,1.66,3.11,2.84,2.97,3.82
10/04/2026,5.07,0.00,0.98,0.98,0.00,2.34,2.64,2.64,1.78,1.75,4.09,7.09,2.11,7.13,0.79,1.91,2.23,2.20,2.57
11/04/2026,5.19,0.00,0.19,0.19,0.00,3.14,1.87,1.87,1.86,1.86,5.00,10.56,5.55,10.59,1.83,2.65,3.00,3.11,3.83
12/04/2026,7.76,0.00,1.80,1.80,0.00,3.03,2.14,2.14,3.01,2.93,5.96,8.77,3.60,8.81,1.45,2.27,2.52,2.57,3.18
13/04/2026,5.59,0.00,2.86,2.86,0.00,1.60,0.64,0.64,1.15,1.13,2.73,2.24,0.00,2.45,0.39,0.51,0.90,0.65,0.81
14/04/2026,7.40,0.00,2.81,2.80,0.01,2.97,1.72,1.73,1.65,1.63,4.59,4.70,0.01,4.78,0.56,1.23,1.56,1.43,1.71
15/04/2026,6.95,0.00,1.50,1.50,0.00,3.61,1.96,1.96,1.88,1.84,5.45,5.59,0.02,5.65,1.02,1.47,1.54,1.62,2.03
16/04/2026,6.79,0.00,1.86,1.86,0.00,3.30,2.85,2.85,1.65,1.63,4.93,7.87,1.72,7.99,1.06,2.13,2.44,2.36,2.86
17/04/2026,7.14,0.00,1.16,1.16,0.00,3.28,2.52,2.52,2.71,2.70,5.98,8.21,2.41,8.31,1.42,2.15,2.37,2.37,2.98
18/04/2026,6.91,0.00,1.80,1.80,0.00,2.81,2.34,2.34,2.31,2.30,5.11,5.16,0.01,5.25,1.15,1.29,1.42,1.39,1.87
19/04/2026,7.72,0.00,3.56,3.56,0.00,2.30,1.11,1.11,1.88,1.86,4.16,3.42,0.01,3.55,0.59,0.78,1.20,0.98,1.24
20/04/2026,6.25,0.00,1.94,1.94,0.00,2.76,2.55,2.55,1.56,1.55,4.31,9.09,3.78,9.22,1.00,2.57,2.83,2.82,3.30
21/04/2026,5.52,0.00,0.48,0.48,0.00,3.01,2.62,2.62,2.05,2.03,5.04,11.58,5.95,11.61,1.92,3.03,3.25,3.41,4.20
22/04/2026,5.22,0.00,0.16,0.16,0.00,3.39,1.99,1.99,1.68,1.67,5.06,11.34,5.96,11.36,1.90,3.00,3.20,3.26,4.12
23/04/2026,5.21,0.00,0.60,0.60,0.00,2.69,1.82,1.82,1.93,1.92,4.61,10.55,6.04,10.68,1.56,2.71,3.16,3.25,3.83
24/04/2026,4.36,0.00,0.19,0.18,0.01,2.41,2.02,2.03,1.77,1.77,4.17,8.74,4.31,8.80,1.16,2.15,2.67,2.82,3.17
25/04/2026,7.32,0.00,1.19,1.18,0.01,3.04,2.11,2.12,3.18,3.10,6.13,5.66,0.51,5.90,1.01,1.30,1.94,1.65,2.05
26/04/2026,3.34,0.00,0.26,0.26,0.00,1.75,2.50,2.50,1.33,1.33,3.08,11.23,6.98,11.29,1.77,2.96,3.19,3.37,4.08
27/04/2026,7.38,0.00,1.11,1.11,0.00,3.56,1.83,1.83,2.74,2.71,6.27,9.65,4.26,9.72,1.61,2.55,2.80,2.76,3.50
28/04/2026,7.51,0.00,1.21,1.21,0.00,4.54,2.60,2.60,1.77,1.76,6.30,11.44,4.30,11.46,1.87,3.18,3.15,3.26,4.15
29/04/2026,5.83,0.00,0.82,0.82,0.00,2.41,2.04,2.04,2.63,2.60,5.01,11.49,7.04,11.55,1.77,3.10,3.28,3.40,4.17
30/04/2026,5.28,0.00,0.45,0.45,0.00,3.39,2.49,2.49,1.44,1.44,4.83,11.32,5.44,11.38,1.74,3.16,3.16,3.32,4.11
01/05/2026,5.53,0.00,0.54,0.54,0.00,3.20,1.87,1.87,1.80,1.79,4.99,12.26,7.19,12.32,1.99,3.42,3.46,3.45,4.45
02/05/2026,8.13,0.00,0.96,0.96,0.00,4.47,2.18,2.18,2.84,2.70,7.17,11.74,5.09,11.78,1.81,3.33,3.33,3.31,4.26
03/05/2026,5.37,0.00,0.26,0.26,0.00,2.88,2.53,2.53,2.26,2.23,5.11,8.71,3.30,8.77,1.25,2.49,2.51,2.52,3.16
04/05/2026,6.78,0.00,1.04,1.03,0.01,2.95,2.52,2.53,2.82,2.80,5.74,7.01,1.54,7.10,0.94,1.90,2.05,2.21,2.54
05/05/2026,7.48,0.00,0.13,0.13,0.00,5.69,2.53,2.53,1.67,1.66,7.35,11.35,3.13,11.42,1.63,3.15,3.31,3.33,4.12
06/05/2026,7.32,0.00,0.81,0.81,0.00,3.91,1.77,1.77,2.63,2.60,6.51,7.69,2.01,7.75,1.42,2.13,2.12,2.08,2.79
07/05/2026,6.42,0.00,0.67,0.67,0.00,3.62,2.51,2.51,2.14,2.13,5.75,11.85,5.72,11.94,2.07,3.47,3.19,3.21,4.30
08/05/2026,8.07,0.00,0.69,0.69,0.00,5.37,2.65,2.65,2.03,2.01,7.38,12.98,4.96,13.03,2.18,3.59,3.63,3.63,4.71
09/05/2026,4.10,0.00,0.45,0.45,0.00,2.14,2.04,2.04,1.51,1.51,3.65,9.79,5.61,9.82,1.98,2.74,2.56,2.54,3.55
10/05/2026,4.54,0.00,0.01,0.01,0.00,2.89,1.62,1.62,1.64,1.64,4.53,5.14,0.63,5.42,0.82,1.63,1.60,1.37,1.87
11/05/2026,3.12,0.00,0.01,0.01,0.00,1.56,1.74,1.74,1.56,1.55,3.11,3.44,0.14,3.59,0.39,0.91,1.27,1.02,1.25
12/05/2026,2.86,0.00,0.00,0.00,0.00,1.57,1.32,1.32,1.29,1.29,2.86,5.10,2.21,5.22,0.73,1.55,1.63,1.31,1.85
13/05/2026,2.82,0.00,0.01,0.01,0.00,1.62,1.25,1.25,1.19,1.19,2.81,6.69,3.82,6.89,1.03,2.24,1.91,1.71,2.43
14/05/2026,2.72,0.00,0.01,0.01,0.00,1.68,1.08,1.08,1.03,1.03,2.71,6.97,4.21,7.02,1.76,2.30,1.42,1.54,2.53
15/05/2026,5.23,0.00,0.01,0.01,0.00,3.35,1.30,1.30,1.87,1.87,5.22,7.17,2.52,7.22,1.81,2.27,1.58,1.56,2.60
16/05/2026,6.62,0.00,0.71,0.70,0.01,3.53,2.21,2.22,2.41,2.39,5.91,6.78,1.04,6.93,0.95,2.05,2.00,1.93,2.46
17/05/2026,8.71,0.00,1.51,1.51,0.00,4.01,2.63,2.63,3.25,3.19,7.20,7.73,1.09,7.87,1.95,1.98,2.00,1.94,2.81
18/05/2026,6.27,0.00,1.53,1.53,0.00,2.57,2.57,2.57,2.19,2.17,4.74,5.15,0.01,5.29,0.66,1.41,1.65,1.57,1.87
19/05/2026,6.99,0.00,1.22,1.22,0.00,3.57,2.73,2.73,2.22,2.20,5.77,8.58,2.28,8.76,1.51,2.43,2.47,2.35,3.11
20/05/2026,4.84,0.00,0.06,0.06,0.00,2.28,1.70,1.70,2.51,2.50,4.78,3.99,0.01,4.28,0.56,1.16,1.45,1.11,1.45
21/05/2026,4.69,0.00,0.78,0.77,0.01,2.62,2.86,2.87,1.32,1.30,3.91,7.44,1.96,7.50,1.13,2.10,2.18,2.09,2.70
22/05/2026,7.29,0.00,1.29,1.29,0.00,3.41,1.46,1.46,2.64,2.59,6.00,4.91,0.04,5.05,0.63,1.42,1.59,1.41,1.78
23/05/2026,8.75,0.00,1.38,1.38,0.00,4.74,3.17,3.17,2.74,2.63,7.37,11.00,3.09,11.03,2.27,2.91,2.92,2.93,3.99
24/05/2026,6.92,0.00,0.65,0.65,0.00,4.60,2.68,2.68,1.68,1.67,6.27,12.21,4.93,12.21,2.35,3.28,3.28,3.30,4.43
25/05/2026,5.72,0.00,0.67,0.67,0.00,2.75,1.70,1.70,2.30,2.30,5.05,11.57,7.12,11.72,2.27,3.10,3.14,3.21,4.20
26/05/2026,5.55,0.00,0.24,0.24,0.00,3.54,2.24,2.24,1.78,1.77,5.31,11.54,5.76,11.60,2.11,3.12,3.23,3.14,4.19
27/05/2026,8.68,0.00,0.88,0.88,0.00,5.65,2.33,2.33,2.18,2.15,7.80,12.50,4.52,12.59,2.41,3.27,3.44,3.47,4.54
28/05/2026,5.61,0.00,0.04,0.04,0.00,3.83,1.67,1.67,1.74,1.74,5.57,11.69,6.19,11.73,2.24,3.05,3.19,3.25,4.24
29/05/2026,8.87,0.00,1.45,1.45,0.00,4.05,2.22,2.22,3.43,3.37,7.42,9.45,3.18,9.55,2.25,2.32,2.51,2.47,3.43
30/05/2026,6.73,0.00,1.84,1.83,0.01,2.70,2.51,2.52,2.21,2.20,4.89,6.89,1.68,6.89,1.61,2.13,1.67,1.48,2.50
31/05/2026,5.35,0.00,0.69,0.69,0.00,3.14,2.73,2.73,1.53,1.52,4.66,6.43,0.56,6.43,1.87,1.87,1.38,1.31,2.33
01/06/2026,7.80,0.00,0.76,0.76,0.00,4.72,2.13,2.13,2.34,2.32,7.04,9.04,2.19,9.04,1.47,3.23,2.19,2.15,3.28
02/06/2026,7.40,0.00,0.46,0.46,0.00,4.65,2.70,2.70,2.30,2.29,6.94,8.30,0.95,8.30,2.28,2.17,2.02,1.83,3.01
03/06/2026,8.52,0.00,1.51,1.51,0.00,3.99,2.73,2.73,3.04,3.02,7.01,7.35,0.63,7.35,1.01,2.57,2.00,1.77,2.67
04/06/2026,6.48,0.00,0.87,0.87,0.00,3.06,2.45,2.45,2.56,2.55,5.61,5.54,0.03,5.54,1.06,1.69,1.54,1.25,2.01
05/06/2026,10.34,0.00,2.02,2.02,0.00,4.58,2.99,2.99,3.81,3.74,8.32,7.62,0.05,7.62,2.01,2.05,1.83,1.73,2.77
06/06/2026,6.26,0.00,0.80,0.80,0.00,4.27,2.79,2.79,1.20,1.19,5.46,7.39,0.33,7.39,1.79,2.07,1.80,1.73,2.68
07/06/2026,6.43,0.00,0.57,0.56,0.01,3.29,2.50,2.51,2.59,2.58,5.86,6.59,0.80,6.59,1.36,1.95,1.84,1.44,2.39
08/06/2026,8.24,0.00,0.93,0.93,0.00,4.42,1.64,1.64,2.93,2.89,7.31,6.08,0.02,6.08,2.15,1.49,1.21,1.23,2.21
09/06/2026,6.64,0.00,1.86,1.85,0.01,3.30,2.96,2.97,1.50,1.49,4.78,7.37,1.11,7.37,1.04,2.18,2.22,1.93,2.68
10/06/2026,5.43,0.00,0.34,0.34,0.00,3.31,1.97,1.97,1.79,1.78,5.09,8.79,3.51,8.79,2.37,1.74,2.36,2.32,3.19
11/06/2026,7.11,0.00,0.38,0.38,0.00,4.17,2.53,2.53,2.57,2.56,6.73,9.02,2.32,9.02,2.48,2.02,2.25,2.27,3.27
12/06/2026,6.99,0.00,1.79,1.79,0.00,3.21,0.66,0.66,2.03,1.99,5.20,3.89,0.02,3.89,1.15,1.06,0.88,0.80,1.41
13/06/2026,7.91,0.00,1.93,1.93,0.00,4.06,3.67,3.67,1.94,1.92,5.98,7.89,0.16,7.89,1.65,2.22,2.08,1.94,2.86
14/06/2026,6.96,0.00,0.61,0.60,0.01,3.43,2.52,2.53,2.98,2.93,6.35,6.59,0.64,6.59,1.39,2.15,1.58,1.47,2.39
15/06/2026,7.82,0.00,1.83,1.83,0.00,3.95,0.99,0.99,2.05,2.04,5.99,4.94,0.00,4.94,1.35,1.36,1.23,1.00,1.79
16/06/2026,6.15,0.00,1.71,1.71,0.00,3.22,2.62,2.62,1.22,1.22,4.44,7.83,1.99,7.83,0.92,2.45,2.28,2.18,2.84
17/06/2026,6.54,0.00,0.08,0.08,0.00,4.23,1.92,1.92,2.25,2.23,6.46,9.24,3.09,9.24,2.29,2.10,2.56,2.29,3.35
18/06/2026,7.37,0.00,0.71,0.71,0.00,4.65,2.84,2.84,2.01,2.01,6.66,8.77,1.28,8.77,1.48,2.64,2.39,2.26,3.18
19/06/2026,7.89,0.00,0.08,0.08,0.00,4.62,2.36,2.36,3.21,3.19,7.81,7.82,0.84,7.82,1.05,2.56,2.13,2.08,2.84
20/06/2026,7.71,0.00,0.98,0.98,0.00,4.93,2.73,2.73,1.81,1.80,6.73,9.51,1.85,9.51,1.47,3.14,2.53,2.37,3.45
21/06/2026,7.17,0.00,0.22,0.22,0.00,4.96,1.87,1.87,1.99,1.99,6.95,9.69,2.86,9.69,2.31,2.80,2.34,2.24,3.52
22/06/2026,12.96,0.00,2.18,2.18,0.00,7.91,2.64,2.64,2.90,2.87,10.78,12.79,2.24,12.79,2.94,3.73,3.17,2.95,4.64
23/06/2026,6.37,0.00,0.25,0.25,0.00,4.05,2.35,2.35,2.08,2.07,6.12,11.48,5.08,11.48,1.90,3.68,2.97,2.93,4.17
24/06/2026,9.29,0.00,0.76,0.76,0.00,6.46,2.23,2.23,2.08,2.07,8.53,10.46,1.77,10.46,2.50,3.31,2.35,2.30,3.80
25/06/2026,10.37,0.00,0.56,0.56,0.00,6.66,2.25,2.25,3.16,3.15,9.81,11.47,2.56,11.47,1.99,3.48,3.04,2.96,4.16
26/06/2026,9.51,0.00,0.95,0.95,0.00,6.09,2.71,2.71,2.50,2.47,8.56,11.83,3.03,11.83,2.53,3.51,2.99,2.80,4.29
27/06/2026,9.04,0.00,1.26,1.26,0.00,4.63,2.59,2.59,3.16,3.15,7.78,8.94,1.72,8.94,2.28,2.40,2.23,2.03,3.25
28/06/2026,5.81,0.00,1.01,1.01,0.00,3.93,2.46,2.46,0.87,0.87,4.80,9.66,3.27,9.66,1.61,2.82,2.77,2.46,3.51
29/06/2026,6.87,0.00,0.62,0.62,0.00,3.72,2.71,2.71,2.57,2.53,6.25,7.51,1.08,7.51,0.91,2.49,2.16,1.95,2.73
30/06/2026,9.37,0.00,1.29,1.29,0.00,4.62,2.38,2.38,3.51,3.46,8.08,7.04,0.04,7.04,2.84,1.58,1.38,1.24,2.56
01/07/2026,7.06,0.00,1.23,1.23,0.00,3.23,2.57,2.57,2.61,2.60,5.83,5.82,0.02,5.82,1.10,1.85,1.50,1.37,2.11
02/07/2026,7.65,0.00,2.31,2.31,0.00,3.77,1.54,1.54,1.58,1.57,5.34,5.32,0.01,5.32,1.79,1.31,1.19,1.03,1.93
03/07/2026,9.11,0.00,1.76,1.75,0.01,5.08,3.10,3.11,2.34,2.28,7.35,9.03,0.85,9.03,2.43,2.55,2.09,1.96,3.28
04/07/2026,7.36,0.00,2.55,2.55,0.00,2.77,1.26,1.26,2.09,2.04,4.81,4.07,0.04,4.07,1.40,0.90,0.98,0.79,1.48
05/07/2026,10.76,0.00,4.02,4.01,0.01,4.70,3.56,3.57,2.06,2.05,6.74,8.85,0.59,8.85,1.37,2.66,2.53,2.29,3.21
06/07/2026,5.87,0.00,0.44,0.44,0.00,2.42,1.68,1.68,3.03,3.01,5.43,4.10,0.00,4.10,0.95,1.21,1.12,0.82,1.49
07/07/2026,7.68,0.00,5.24,5.24,0.00,2.25,0.20,0.20,0.19,0.19,2.44,2.46,0.01,2.46,0.54,0.64,0.77,0.51,0.89
08/07/2026,8.19,0.00,1.84,1.83,0.01,4.84,2.66,2.67,1.54,1.52,6.35,10.46,2.96,10.46,1.55,3.11,2.96,2.84,3.80
09/07/2026,7.05,0.00,0.34,0.34,0.00,4.48,2.55,2.55,2.24,2.23,6.71,7.75,0.72,7.75,0.84,2.65,2.28,1.98,2.81
10/07/2026,9.06,0.00,0.51,0.51,0.00,5.81,2.50,2.50,2.75,2.74,8.55,9.48,1.17,9.48,2.04,2.53,2.62,2.29,3.44
11/07/2026,3.97,0.00,0.04,0.04,0.00,2.46,2.33,2.33,1.47,1.47,3.93,11.51,6.72,11.51,2.54,3.31,2.82,2.84,4.18
12/07/2026,7.46,0.00,0.36,0.36,0.00,5.25,1.63,1.63,1.86,1.85,7.10,11.38,4.50,11.38,2.38,3.35,2.85,2.80,4.13
13/07/2026,8.79,0.00,1.31,1.31,0.00,4.17,1.97,1.97,3.35,3.31,7.48,8.84,2.70,8.84,2.08,2.37,2.26,2.13,3.21
14/07/2026,10.54,0.00,1.43,1.43,0.00,7.41,2.69,2.69,1.71,1.70,9.11,12.15,2.05,12.15,2.50,3.49,3.12,3.04,4.41
